<?xml version="1.0" encoding="UTF-8" ?>
<!DOCTYPE log4j:configuration SYSTEM "log4j.dtd">
<log4j:configuration xmlns:log4j="http://jakarta.apache.org/log4j/">

    <appender name="stdout" class="org.apache.log4j.ConsoleAppender">
        <param name="target" value="System.out"/>
        <layout class="org.apache.log4j.PatternLayout">
            <param name="ConversionPattern" value="%d{DATE} [%-5p] %c{1}: %m%n"/>
        </layout>
    </appender>

    <appender name="stdFile" class="org.apache.log4j.RollingFileAppender">
        <param name="file" value="c:\\zzz\\mule-file-parser-job.log"/>
        <param name="maxFileSize" value="1MB"/>
        <layout class="org.apache.log4j.PatternLayout">
            <param name="ConversionPattern" value="%d{DATE} [%-5p] %c{1}: %m%n"/>
        </layout>
    </appender>

    <root>
        <priority value="ERROR"/>
        <appender-ref ref="stdout"/>
        <appender-ref ref="stdFile"/>
    </root>

</log4j:configuration>